id;first_name;last_name;sex;email;phone;creation_date;last_modified_date
921;Olivia;Jones;female;oljones@adventureworks.com;58483883925;08-02-20;13-02-20
922;Ruby;Brown;female;rubrown@adventureworks.com;58483883926;09-02-20;09-02-20
923;Emily;Johnson;female;emjohnson@adventureworks.com;58473968898;09-02-20;14-02-20
924;Grace;Williams;female;grwilliams@adventureworks.com;58429198975;12-02-20;17-02-20
925;Jessica;Miller;female;jemiller@adventureworks.com;58476196358;11-02-20;21-02-20
926;Chloe;Taylor;female;chtaylor@adventureworks.com;58463503147;06-02-20;17-02-20
927;Sophie;Wilson;female;sowilson@adventureworks.com;58439418197;11-02-20;13-02-20
928;Lily;Davis;female;lidavis@adventureworks.com;58479210391;09-02-20;18-02-20
929;Amelia;White;female;amwhite@adventureworks.com;58449938339;10-02-20;16-02-20
930;Evie;Clark;female;evclark@adventureworks.com;58425880002;11-02-20;11-02-20
931;Mia;Hall;female;mihall@adventureworks.com;58456529091;08-02-20;18-02-20
932;Ella;Thomas;female;elthomas@adventureworks.com;58472773285;08-02-20;11-02-20
933;Charlotte;Thompson;female;chthompson@adventureworks.com;58420370763;11-02-20;14-02-20
934;Lucy;Moore;female;lumoore@adventureworks.com;58481794215;05-02-20;13-02-20
935;Megan;Hill;female;mehill@adventureworks.com;58492239879;08-02-20;10-02-20
936;Ellie;Walker;female;elwalker@adventureworks.com;58440128336;12-02-20;17-02-20
937;Isabelle;Anderson;female;isanderson@adventureworks.com;58465007986;11-02-20;13-02-20
938;Isabella;Wright;female;iswright@adventureworks.com;58418611813;05-02-20;06-02-20
939;Hannah;Martin;female;hamartin@adventureworks.com;58479255548;06-02-20;06-02-20
940;Katie;Wood;female;kawood@adventureworks.com;58477416458;12-02-20;21-02-20
941;Ava;Allen;female;avallen@adventureworks.com;58469621617;04-02-20;14-02-20
942;Holly;Robinson;female;horobinson@adventureworks.com;58452580180;08-02-20;11-02-20
943;Summer;Lewis;female;sulewis@adventureworks.com;58456520082;11-02-20;12-02-20
944;Millie;Scott;female;miscott@adventureworks.com;58468357602;03-02-20;03-02-20
945;Daisy;Young;female;dayoung@adventureworks.com;58498867563;08-02-20;08-02-20
946;Phoebe;Jackson;female;phjackson@adventureworks.com;58433671331;07-02-20;17-02-20
947;Freya;Adams;female;fradams@adventureworks.com;58417170377;07-02-20;15-02-20
948;Abigail;Tryniski;female;abtryniski@adventureworks.com;58469293858;11-02-20;20-02-20
949;Poppy;Green;female;pogreen@adventureworks.com;58439787933;12-02-20;12-02-20
950;Erin;Evans;female;erevans@adventureworks.com;58420118434;07-02-20;10-02-20
951;Jack;King;male;jaking@adventureworks.com;58427768321;09-02-20;18-02-20
952;Oliver;Baker;male;olbaker@adventureworks.com;58438203072;09-02-20;17-02-20
953;Thomas;John;male;thjohn@adventureworks.com;58429045478;08-02-20;15-02-20
954;Harry;Jones;male;hajones@adventureworks.com;58429433023;08-02-20;13-02-20
955;Joshua;Brown;male;jobrown@adventureworks.com;58486842560;11-02-20;18-02-20
956;Alfie;Johnson;male;aljohnson@adventureworks.com;58479936451;04-02-20;13-02-20
957;Charlie;Williams;male;chwilliams@adventureworks.com;58431786430;03-02-20;06-02-20
958;Daniel;Miller;male;damiller@adventureworks.com;58492002639;10-02-20;17-02-20
959;James;Taylor;male;jataylor@adventureworks.com;58468473801;10-02-20;20-02-20
960;William;Wilson;male;wiwilson@adventureworks.com;58479683215;06-02-20;06-02-20
961;Samuel;Davis;male;sadavis@adventureworks.com;58442870524;09-02-20;20-02-20
962;George;White;male;gewhite@adventureworks.com;58429670970;04-02-20;16-02-20
963;Joseph;Clark;male;joclark@adventureworks.com;58452009160;11-02-20;21-02-20
964;Lewis;Hall;male;lehall@adventureworks.com;58465373018;03-02-20;06-02-20
965;Ethan;Thomas;male;etthomas@adventureworks.com;58485098038;07-02-20;10-02-20
966;Mohammed;Thompson;male;mothompson@adventureworks.com;58426853990;06-02-20;09-02-20
967;Dylan;Moore;male;dymoore@adventureworks.com;58473035985;09-02-20;17-02-20
968;Benjamin;Hill;male;behill@adventureworks.com;58474778698;03-02-20;14-02-20
969;Alexander;Walker;male;alwalker@adventureworks.com;58489527871;05-02-20;05-02-20
970;Jacob;Anderson;male;jaanderson@adventureworks.com;58414678350;07-02-20;17-02-20
971;Ryan;Wright;male;rywright@adventureworks.com;58474667635;08-02-20;18-02-20
972;Liam;Martin;male;limartin@adventureworks.com;58485887996;03-02-20;13-02-20
973;Jake;Wood;male;jawood@adventureworks.com;58401460346;09-02-20;12-02-20
974;Max;Allen;male;maallen@adventureworks.com;58480234676;07-02-20;10-02-20
975;Luke;Robinson;male;lurobinson@adventureworks.com;58461772756;08-02-20;08-02-20
976;Tyler;Lewis;male;tylewis@adventureworks.com;58481561449;09-02-20;16-02-20
977;Callum;Scott;male;cascott@adventureworks.com;58445112710;07-02-20;10-02-20
978;Matthew;Young;male;mayoung@adventureworks.com;58496327127;11-02-20;21-02-20
979;Jayden;Jackson;male;jajackson@adventureworks.com;58488342613;03-02-20;09-02-20
980;Oscar;Adams;male;osadams@adventureworks.com;58401048328;10-02-20;14-02-20
